ID,Ticket_Number
P132,50269975
P056,28120732
P250,88051289
P197,79545169
P012,83521845
P033,22058855
P021,9473450
P001,10116272
P249,23524843
P030,71886930
P071,92962076
P025,31002643
P111,87338906
P225,69020101
P267,78443546
P259,28602637
P265,72721943
P105,94251199
P092,44345212
P088,30175075
P095,386818
P239,92729414
P242,42049173
P176,99491312
P133,1659823
P189,47856259
P200,10043610
P159,54158103
P178,8631845
P300,56763889
P138,43995703
P223,23480518
P023,45894659
P183,44607251
P029,63045332
P136,3439786
P114,84479148
P052,44564514
P160,47060216
P166,66168819
P031,94482194
P224,57655493
P011,79781555
P226,1263570
P192,10310889
P038,34783723
P284,42427144
P282,96564203
P098,48815710
P298,37592884
P051,56077968
P256,7151664
P185,62339971
P203,43450497
P067,74753690
P018,72179022
P150,5235256
P247,31737732
P080,41444365
P173,10481763
P143,59598056
P172,69729467
P240,34267789
P165,63669444
P102,59682930
P100,73118170
P258,2353698
P287,63892793
P152,64066630
P162,61489246
P227,51075416
P118,13605535
P167,1823016
P024,72582055
P062,27456284
P175,86519622
P026,89744345
P131,61367768
P221,1356101
P123,88899885
P010,45362017
P019,45997909
P048,90981851
P116,92793637
P151,92379415
P017,73305766
P135,54314497
P069,4820863
P297,55710602
P110,66733075
P217,68753837
P211,71389135
P235,87775511
P286,45056611
P230,64380140
P139,63745130
P045,73546805
P072,91344312
P081,30425029
P059,41254609
P248,74928644
P099,45718117
P041,58514994
P039,56749629
P009,83760336
P146,70359712
P049,91965063
P234,65162765
P294,36224262
P042,39463463
P216,86932489
P158,67113019
P145,39491651
P293,66188567
P199,67685652
P156,27344711
P084,53051569
P078,31235123
P060,49845285
P043,45513470
P237,75081331
P262,87630431
P129,69858303
P186,51714198
P218,52472292
P261,42743287
P055,71758580
P137,65873942
P228,44235513
P082,64298075
P066,89999315
P187,46528628
P020,77146037
P008,85516127
P087,26345812
P093,80121899
P128,48971265
P281,95661249
P219,14410140
P037,70026989
P115,24736071
P149,71819036
P273,82764975
P202,36984005
P245,77225628
P032,25991681
P121,31341288
P003,85008158
P180,24491860
P283,38524355
P142,2238676